id,cliente_id,fecha,estado
1,21,2026-01-24,completado
2,9,2026-02-05,completado
3,24,2026-06-24,completado
4,29,2026-01-19,cancelado
5,14,2026-01-03,completado
6,7,2026-05-20,completado
7,1,2026-02-23,cancelado
8,21,2026-04-08,cancelado
9,15,2026-07-28,completado
10,1,2026-06-14,completado
11,11,2026-02-07,completado
12,25,2026-01-03,completado
13,13,2026-03-28,completado
14,12,2026-07-02,completado
15,24,2026-05-04,ERROR_SYNC
16,30,2026-01-18,pendiente
17,10,2026-05-07,completado
18,23,2026-01-22,completado
19,8,2026-01-28,completado
20,8,2026-04-09,completado
21,15,2026-02-12,completado
22,12,2026-06-09,completado
23,999,2026-05-21,completado
24,6,2026-06-08,cancelado
25,6,2026-04-09,pendiente
26,30,2026-02-22,cancelado
27,11,2026-02-27,completado
28,2,2026-04-09,completado
29,3,2026-05-23,completado
30,11,2026-06-16,completado
31,13,2026-02-09,pendiente
32,5,2026-06-18,completado
33,18,2026-06-19,completado
12,14,2026-03-08,pendiente
35,5,2026-04-03,cancelado
36,25,2026-07-04,completado
37,5,2026-07-22,completado
38,14,2026-04-13,completado
39,20,2026-05-09,pendiente
40,18,2026-06-24,completado
41,4,2026-07-09,cancelado
42,25,2026-01-10,ERROR_SYNC
43,14,2026-04-01,completado
44,24,2026-05-25,completado
45,6,2026-01-28,cancelado
46,21,2026-07-21,completado
47,17,2026-02-12,completado
48,25,2026-05-25,completado
49,30,2026-01-20,cancelado
50,11,2026-01-04,pendiente
51,999,2026-07-26,completado
52,10,2026-01-08,completado
53,29,2026-01-24,completado
54,16,2026-07-18,completado
55,25,2026-02-22,completado
56,16,2026-02-09,cancelado
57,17,2026-02-18,pendiente
58,1044,2026-06-10,completado
59,13,2026-04-17,completado
60,15,2026-02-08,completado
