id,nombre,segmento,fecha_alta
1,Lucía Torres,mediana,2025-02-02
2,Marc Vidal,enterprise,2026-03-03
3,Ana Ruiz,pyme,2024-04-04
4,Pablo Ortega,mediana,2025-05-05
5,Sara Bermejo,enterprise,2026-06-06
6,Iván Castro,pyme,2024-07-07
7,Nerea Gil,mediana,2025-08-08
8,Hugo Prieto,enterprise,2026-09-09
9,Elena Vega,pyme,2024-10-10
10,Diego Marín,mediana,2025-11-11
11,Carla Soler,enterprise,2026-12-12
12,Jorge Peña,pyme,2024-01-13
13,María Antón,mediana,2025-02-14
14,Álvaro Rey,enterprise,2026-03-15
15,Laura Cano,pyme,2024-04-16
16,Rubén Sanz,mediana,2025-05-17
17,Noa Ferrer,,2026-06-18
18,Adrián Cruz,pyme,2024-07-19
19,Paula Ibáñez,mediana,2025-08-20
20,Mario Luque,enterprise,2026-09-21
21,Irene Salas,pyme,2024-10-22
22,Óscar Bravo,mediana,2025-11-23
23,Julia Redondo,enterprise,2026-12-24
24,Andrés Molina,pyme,2024-01-25
25,Rocío Pardo,mediana,2025-02-26
26,Víctor Campos,enterprise,2026-03-27
27,Alba Serrano,pyme,2024-04-01
28,Raúl Domínguez,mediana,2025-05-02
29,Claudia Nieto,enterprise,2026-06-03
30,Sergio Lara,pyme,2024-07-04
