id,pedido_id,metodo,importe
1,1,paypal,1574.34
2,2,tarjeta,2680.91
3,3,tarjeta,3208.66
4,4,tarjeta,377.91
5,5,tarjeta,393.19
6,6,tarjeta,3036.88
7,7,paypal,3277.22
8,8,transferencia,1154.05
9,8,tarjeta,3649.14
10,9,transferencia,508.43
11,10,transferencia,1952.22
12,11,paypal,3056.27
13,12,paypal,347.91
14,13,tarjeta,3618.62
15,14,paypal,926.83
16,15,tarjeta,699.61
17,15,tarjeta,1311.17
18,16,paypal,2038.64
19,17,paypal,303.6
20,18,tarjeta,4362.96
21,19,transferencia,1876.35
22,20,tarjeta,3901.75
23,21,transferencia,1755.06
24,22,transferencia,4175.21
25,23,paypal,1949.69
26,24,transferencia,764.2
27,24,tarjeta,1042.24
28,25,tarjeta,3386.05
29,26,paypal,2662.06
30,27,paypal,331.41
31,28,tarjeta,3842.93
32,29,tarjeta,3064.44
33,30,paypal,609.9
34,30,paypal,1168.27
35,31,transferencia,2817.67
36,32,tarjeta,4211.4
37,33,transferencia,1134.99
38,34,transferencia,3048.87
39,35,tarjeta,1477.5
40,35,paypal,121.17
41,36,tarjeta,403.81
42,37,transferencia,665.46
43,38,transferencia,3966.37
44,39,paypal,777.24
45,40,paypal,2783.62
46,41,paypal,3031.96
47,42,tarjeta,4198.36
48,43,tarjeta,1248.94
49,44,paypal,1283.78
50,45,tarjeta,3251.85
51,46,transferencia,2313.91
52,47,transferencia,487.96
53,48,transferencia,274.86
54,49,transferencia,2896.04
55,50,paypal,3356.24
56,51,tarjeta,2559.21
57,51,paypal,412.58
58,52,transferencia,2491.51
59,53,tarjeta,1979.66
60,54,tarjeta,1691.76
61,55,tarjeta,1008.54
62,56,paypal,1643.26
63,57,paypal,4384.36
64,57,tarjeta,763.13
65,58,tarjeta,4394.83
66,59,paypal,189.56
67,59,transferencia,4166.23
68,60,paypal,1259.28
69,12,tarjeta,-250.0
70,7,transferencia,-99.9
71,777,paypal,120.0
72,3,tarjeta,150.00
73,5,paypal,80.50
74,9,tarjeta,42.25
